                  epoch,         train/box_loss,         train/cls_loss,         train/dfl_loss,   metrics/precision(B),      metrics/recall(B),       metrics/mAP50(B),    metrics/mAP50-95(B),           val/box_loss,           val/cls_loss,           val/dfl_loss,                 lr/pg0,                 lr/pg1,                 lr/pg2
                      1,                 1.4302,                 1.7607,                 1.3332,                0.63363,                 0.5358,                0.56568,                0.31681,                 1.3885,                 1.4928,                 1.3104,              0.0033307,              0.0033307,              0.0033307
                      2,                 1.4933,                 1.5477,                 1.3902,                0.59123,                0.44601,                0.47736,                0.26298,                 1.5326,                 1.5878,                 1.4491,               0.006598,               0.006598,               0.006598
                      3,                 1.6121,                  1.624,                 1.4828,                0.54569,                0.43464,                0.43219,                0.21346,                 1.6715,                 1.8134,                 1.5747,              0.0097994,              0.0097994,              0.0097994
                      4,                 1.6621,                 1.6772,                  1.541,                 0.5758,                0.43551,                 0.4575,                0.23483,                 1.6657,                 1.5988,                 1.5505,               0.009703,               0.009703,               0.009703
                      5,                 1.6174,                  1.602,                 1.5143,                0.59475,                0.47094,                0.49664,                0.26845,                  1.526,                 1.5102,                 1.4838,               0.009604,               0.009604,               0.009604
                      6,                 1.5795,                 1.5491,                 1.4945,                0.60723,                0.49229,                0.52572,                0.29239,                  1.517,                 1.3834,                 1.4548,               0.009505,               0.009505,               0.009505
                      7,                 1.5601,                 1.4977,                 1.4732,                0.62538,                0.51307,                0.54543,                0.30463,                 1.4618,                 1.3372,                   1.42,               0.009406,               0.009406,               0.009406
                      8,                 1.5344,                 1.4678,                 1.4605,                0.63077,                0.49829,                0.53914,                0.30273,                 1.4532,                 1.3277,                 1.4255,               0.009307,               0.009307,               0.009307
                      9,                 1.5217,                 1.4376,                 1.4488,                0.63342,                0.52397,                0.56257,                0.32094,                 1.4332,                 1.2736,                 1.4024,               0.009208,               0.009208,               0.009208
                     10,                 1.5138,                 1.4238,                 1.4387,                 0.6331,                0.52841,                0.56804,                0.31954,                 1.4326,                 1.2629,                 1.3951,               0.009109,               0.009109,               0.009109
                     11,                 1.4988,                 1.4094,                 1.4315,                0.64337,                0.53477,                0.57874,                0.33414,                 1.3992,                  1.222,                 1.3664,                0.00901,                0.00901,                0.00901
                     12,                 1.4859,                 1.3839,                 1.4244,                0.64366,                   0.54,                0.58265,                0.33515,                 1.3995,                 1.2074,                 1.3689,               0.008911,               0.008911,               0.008911
                     13,                 1.4809,                 1.3732,                 1.4166,                0.64777,                0.54288,                0.58823,                0.34287,                  1.369,                 1.1992,                 1.3602,               0.008812,               0.008812,               0.008812
                     14,                 1.4687,                 1.3491,                 1.4058,                0.64857,                0.55045,                0.59574,                0.34672,                 1.3697,                 1.1805,                 1.3518,               0.008713,               0.008713,               0.008713
                     15,                 1.4607,                 1.3407,                 1.4028,                 0.6474,                0.54378,                0.59455,                0.34905,                  1.362,                 1.1702,                  1.347,               0.008614,               0.008614,               0.008614
                     16,                 1.4533,                 1.3297,                 1.3947,                0.64631,                0.56135,                0.60193,                0.35362,                 1.3607,                 1.1527,                 1.3406,               0.008515,               0.008515,               0.008515
                     17,                 1.4495,                 1.3261,                 1.3941,                 0.6556,                0.55996,                0.60281,                0.35757,                 1.3418,                 1.1491,                 1.3291,               0.008416,               0.008416,               0.008416
                     18,                 1.4448,                 1.3159,                 1.3927,                0.65485,                0.56258,                0.60717,                0.36263,                 1.3335,                 1.1255,                 1.3222,               0.008317,               0.008317,               0.008317
                     19,                  1.437,                 1.3046,                 1.3863,                0.65459,                0.56497,                0.60939,                0.36224,                 1.3308,                 1.1234,                 1.3226,               0.008218,               0.008218,               0.008218
                     20,                 1.4231,                 1.3004,                 1.3836,                0.65885,                0.56614,                0.61345,                0.36642,                   1.32,                 1.1141,                 1.3198,               0.008119,               0.008119,               0.008119
                     21,                 1.4265,                 1.2998,                 1.3821,                0.66494,                0.56584,                0.61671,                0.36767,                 1.3198,                 1.1063,                 1.3145,                0.00802,                0.00802,                0.00802
                     22,                 1.4251,                 1.2831,                 1.3762,                0.66381,                0.56876,                0.61832,                0.37032,                 1.3078,                  1.101,                 1.3065,               0.007921,               0.007921,               0.007921
                     23,                 1.4176,                  1.269,                 1.3697,                0.66029,                0.57237,                0.62127,                0.37269,                    1.3,                 1.0877,                 1.3025,               0.007822,               0.007822,               0.007822
                     24,                 1.4113,                 1.2628,                 1.3624,                0.66488,                0.57913,                0.62487,                0.37502,                 1.3021,                 1.0763,                 1.3009,               0.007723,               0.007723,               0.007723
                     25,                 1.4085,                 1.2637,                 1.3666,                0.67001,                0.57062,                0.62511,                0.37728,                 1.2928,                  1.073,                 1.2974,               0.007624,               0.007624,               0.007624
                     26,                 1.4005,                 1.2523,                 1.3602,                0.67697,                0.57301,                0.62944,                0.37972,                 1.2875,                 1.0709,                 1.2922,               0.007525,               0.007525,               0.007525
                     27,                 1.4036,                 1.2515,                  1.357,                0.67241,                0.57409,                0.62976,                0.38027,                 1.2866,                 1.0655,                 1.2922,               0.007426,               0.007426,               0.007426
                     28,                  1.398,                 1.2483,                 1.3616,                0.67121,                 0.5796,                0.63222,                0.38215,                 1.2857,                 1.0574,                 1.2929,               0.007327,               0.007327,               0.007327
                     29,                 1.3912,                 1.2415,                 1.3559,                0.66934,                0.58327,                0.63353,                0.38406,                 1.2795,                 1.0543,                 1.2877,               0.007228,               0.007228,               0.007228
                     30,                 1.3868,                 1.2311,                 1.3498,                 0.6699,                0.58387,                0.63325,                0.38531,                 1.2766,                 1.0499,                 1.2851,               0.007129,               0.007129,               0.007129
                     31,                 1.3821,                 1.2276,                   1.35,                0.67412,                0.58366,                 0.6341,                 0.3858,                 1.2744,                  1.048,                  1.282,                0.00703,                0.00703,                0.00703
                     32,                 1.3852,                 1.2241,                 1.3476,                0.67481,                0.58519,                0.63616,                  0.388,                 1.2706,                 1.0422,                 1.2811,               0.006931,               0.006931,               0.006931
                     33,                 1.3758,                 1.2204,                 1.3443,                0.67177,                0.58871,                0.63759,                0.38911,                 1.2657,                 1.0389,                 1.2779,               0.006832,               0.006832,               0.006832
                     34,                 1.3753,                 1.2213,                 1.3451,                0.67814,                0.58475,                 0.6386,                0.38948,                 1.2626,                 1.0356,                 1.2753,               0.006733,               0.006733,               0.006733
                     35,                 1.3667,                 1.2019,                 1.3383,                0.68203,                0.58196,                0.63973,                0.39108,                 1.2609,                   1.03,                 1.2748,               0.006634,               0.006634,               0.006634
                     36,                 1.3716,                 1.2049,                 1.3371,                 0.6851,                0.58161,                0.64181,                0.39225,                  1.258,                 1.0261,                 1.2721,               0.006535,               0.006535,               0.006535
                     37,                 1.3678,                 1.2001,                 1.3362,                0.68137,                0.58593,                0.64208,                0.39306,                 1.2568,                 1.0227,                 1.2694,               0.006436,               0.006436,               0.006436
                     38,                 1.3634,                 1.2001,                 1.3301,                0.68659,                0.58181,                0.64201,                0.39289,                 1.2548,                  1.022,                 1.2675,               0.006337,               0.006337,               0.006337
                     39,                  1.361,                 1.1956,                 1.3269,                0.68448,                0.58342,                0.64244,                0.39377,                 1.2524,                 1.0197,                 1.2659,               0.006238,               0.006238,               0.006238
                     40,                 1.3613,                 1.1935,                 1.3317,                 0.6799,                0.58893,                0.64285,                0.39363,                 1.2518,                 1.0176,                  1.266,               0.006139,               0.006139,               0.006139
                     41,                 1.3518,                 1.1874,                 1.3254,                0.68496,                0.58636,                0.64329,                 0.3944,                 1.2504,                 1.0163,                  1.265,                0.00604,                0.00604,                0.00604
                     42,                 1.3579,                 1.1849,                 1.3262,                0.68245,                 0.5898,                0.64392,                 0.3947,                 1.2491,                 1.0149,                 1.2643,               0.005941,               0.005941,               0.005941
                     43,                 1.3488,                 1.1762,                 1.3241,                0.68407,                0.59081,                0.64481,                 0.3951,                 1.2475,                 1.0134,                 1.2634,               0.005842,               0.005842,               0.005842
                     44,                   1.35,                 1.1721,                 1.3201,                0.68525,                0.58977,                 0.6461,                0.39596,                 1.2468,                 1.0121,                 1.2628,               0.005743,               0.005743,               0.005743
                     45,                 1.3499,                  1.173,                  1.323,                0.68804,                0.58806,                0.64681,                0.39665,                 1.2456,                 1.0106,                 1.2622,               0.005644,               0.005644,               0.005644
                     46,                 1.3434,                 1.1678,                 1.3193,                0.68334,                0.59173,                0.64711,                0.39728,                 1.2449,                  1.009,                 1.2618,               0.005545,               0.005545,               0.005545
                     47,                 1.3455,                 1.1663,                 1.3142,                0.68587,                 0.5905,                0.64811,                0.39743,                 1.2436,                 1.0076,                 1.2609,               0.005446,               0.005446,               0.005446
                     48,                 1.3365,                 1.1637,                 1.3163,                0.68891,                0.58976,                0.64846,                0.39798,                 1.2425,                 1.0062,                 1.2602,               0.005347,               0.005347,               0.005347
                     49,                  1.341,                 1.1537,                 1.3128,                0.68858,                 0.5902,                0.64842,                0.39841,                 1.2419,                 1.0047,                 1.2596,               0.005248,               0.005248,               0.005248
                     50,                 1.3364,                 1.1564,                 1.3094,                0.68881,                0.59037,                0.64889,                0.39869,                 1.2408,                  1.004,                 1.2589,               0.005149,               0.005149,               0.005149
                     51,                 1.3301,                 1.1478,                 1.3102,                0.69179,                0.58809,                0.64926,                0.39926,                 1.2393,                 1.0027,                  1.258,                0.00505,                0.00505,                0.00505
                     52,                 1.3355,                 1.1468,                 1.3093,                0.69166,                0.58906,                0.64954,                0.39946,                 1.2386,                 1.0009,                 1.2572,               0.004951,               0.004951,               0.004951
                     53,                 1.3293,                 1.1487,                 1.3072,                0.69106,                0.58937,                0.64981,                0.39993,                 1.2385,                0.99971,                  1.257,               0.004852,               0.004852,               0.004852
                     54,                 1.3242,                 1.1359,                 1.3071,                0.69105,                0.58965,                 0.6501,                0.40029,                 1.2379,                0.99893,                 1.2567,               0.004753,               0.004753,               0.004753
                     55,                 1.3239,                 1.1294,                 1.3022,                0.69044,                0.59037,                0.65038,                0.40051,                 1.2372,                0.99797,                 1.2561,               0.004654,               0.004654,               0.004654
                     56,                 1.3222,                 1.1238,                 1.2994,                0.69091,                0.59089,                0.65056,                0.40072,                 1.2368,                0.99688,                 1.2557,               0.004555,               0.004555,               0.004555
                     57,                 1.3187,                 1.1262,                 1.2977,                0.68568,                0.59477,                0.65073,                0.40101,                 1.2362,                0.99588,                 1.2554,               0.004456,               0.004456,               0.004456
                     58,                 1.3197,                 1.1238,                 1.3008,                   0.69,                 0.5905,                 0.6508,                 0.4013,                 1.2364,                0.99516,                 1.2555,               0.004357,               0.004357,               0.004357
                     59,                 1.3108,                 1.1189,                  1.297,                0.69047,                0.59009,                0.65095,                0.40144,                  1.236,                0.99469,                 1.2551,               0.004258,               0.004258,               0.004258
                     60,                  1.309,                 1.1123,                 1.2962,                 0.6935,                0.58767,                0.65104,                0.40152,                 1.2358,                0.99404,                  1.255,               0.004159,               0.004159,               0.004159
                     61,                 1.3025,                 1.1051,                 1.2901,                0.69112,                 0.5888,                0.65105,                0.40169,                 1.2356,                0.99337,                 1.2546,                0.00406,                0.00406,                0.00406
                     62,                 1.3092,                 1.1047,                 1.2884,                0.68997,                0.59028,                0.65132,                0.40176,                 1.2352,                0.99259,                  1.254,               0.003961,               0.003961,               0.003961
                     63,                 1.3016,                 1.1012,                 1.2866,                   0.69,                0.59137,                0.65125,                 0.4021,                 1.2349,                0.99182,                 1.2536,               0.003862,               0.003862,               0.003862
                     64,                 1.3028,                 1.1061,                 1.2888,                0.68933,                0.59107,                0.65142,                0.40208,                 1.2346,                0.99161,                 1.2535,               0.003763,               0.003763,               0.003763
                     65,                 1.2999,                 1.1007,                 1.2844,                0.68971,                0.59091,                0.65169,                0.40241,                 1.2346,                 0.9907,                 1.2532,               0.003664,               0.003664,               0.003664
                     66,                 1.2932,                 1.0891,                 1.2806,                0.68995,                0.59085,                0.65183,                0.40255,                 1.2342,                0.99034,                  1.253,               0.003565,               0.003565,               0.003565
                     67,                 1.2905,                 1.0815,                 1.2813,                0.68977,                0.59118,                0.65192,                0.40277,                 1.2341,                0.98997,                 1.2527,               0.003466,               0.003466,               0.003466
                     68,                 1.2889,                 1.0893,                 1.2781,                0.69164,                0.59012,                0.65208,                0.40289,                  1.234,                0.98937,                 1.2528,               0.003367,               0.003367,               0.003367
                     69,                 1.2925,                 1.0846,                 1.2801,                0.69127,                0.59037,                0.65175,                  0.403,                 1.2338,                0.98888,                 1.2526,               0.003268,               0.003268,               0.003268
                     70,                 1.2793,                 1.0811,                 1.2782,                0.69045,                0.59142,                0.65183,                0.40307,                 1.2336,                0.98875,                 1.2525,               0.003169,               0.003169,               0.003169
                     71,                 1.2852,                 1.0739,                 1.2765,                 0.6899,                0.59207,                0.65194,                0.40306,                 1.2336,                0.98826,                 1.2524,                0.00307,                0.00307,                0.00307
                     72,                 1.2842,                 1.0646,                 1.2728,                0.69003,                0.59242,                 0.6519,                0.40326,                 1.2334,                 0.9877,                 1.2523,               0.002971,               0.002971,               0.002971
                     73,                 1.2756,                  1.065,                 1.2709,                0.68788,                0.59395,                0.65223,                0.40354,                 1.2331,                0.98716,                 1.2522,               0.002872,               0.002872,               0.002872
                     74,                 1.2723,                 1.0541,                 1.2653,                0.68952,                 0.5931,                0.65204,                0.40366,                  1.233,                 0.9865,                 1.2519,               0.002773,               0.002773,               0.002773
                     75,                 1.2702,                 1.0522,                 1.2685,                 0.6883,                0.59338,                0.65223,                0.40372,                 1.2329,                0.98599,                 1.2518,               0.002674,               0.002674,               0.002674
                     76,                 1.2692,                 1.0507,                 1.2664,                0.68769,                0.59451,                0.65229,                0.40367,                 1.2326,                0.98545,                 1.2516,               0.002575,               0.002575,               0.002575
                     77,                 1.2664,                 1.0448,                 1.2643,                0.69118,                0.59211,                0.65246,                0.40387,                 1.2323,                0.98465,                 1.2514,               0.002476,               0.002476,               0.002476
                     78,                 1.2651,                 1.0436,                 1.2627,                0.68909,                0.59364,                0.65221,                0.40392,                 1.2322,                0.98411,                 1.2513,               0.002377,               0.002377,               0.002377
                     79,                 1.2611,                 1.0399,                  1.259,                0.68865,                0.59508,                0.65274,                0.40403,                 1.2322,                0.98358,                  1.251,               0.002278,               0.002278,               0.002278
                     80,                 1.2597,                 1.0362,                 1.2625,                0.68861,                 0.5952,                0.65268,                0.40404,                 1.2321,                0.98275,                  1.251,               0.002179,               0.002179,               0.002179
                     81,                  1.258,                  1.033,                 1.2575,                0.68667,                0.59617,                 0.6524,                0.40403,                  1.232,                0.98227,                 1.2506,                0.00208,                0.00208,                0.00208
                     82,                 1.2586,                 1.0255,                 1.2568,                0.68874,                0.59442,                0.65262,                 0.4043,                 1.2318,                0.98181,                 1.2504,               0.001981,               0.001981,               0.001981
                     83,                 1.2465,                 1.0198,                 1.2496,                0.68708,                0.59565,                0.65267,                0.40437,                 1.2314,                0.98171,                 1.2499,               0.001882,               0.001882,               0.001882
                     84,                  1.244,                 1.0131,                 1.2523,                0.68862,                0.59437,                0.65258,                0.40447,                 1.2312,                0.98122,                 1.2495,               0.001783,               0.001783,               0.001783
                     85,                 1.2434,                 1.0164,                 1.2501,                0.68806,                0.59542,                0.65284,                0.40464,                 1.2312,                0.98089,                 1.2493,               0.001684,               0.001684,               0.001684
                     86,                 1.2401,                 1.0112,                 1.2503,                0.68814,                0.59564,                0.65289,                0.40478,                 1.2308,                0.98036,                 1.2491,               0.001585,               0.001585,               0.001585
                     87,                 1.2382,                 1.0028,                 1.2423,                 0.6882,                0.59542,                0.65265,                0.40488,                 1.2308,                0.97998,                 1.2488,               0.001486,               0.001486,               0.001486
                     88,                 1.2402,                 1.0009,                 1.2435,                0.68863,                 0.5949,                0.65261,                 0.4048,                 1.2307,                0.97954,                 1.2487,               0.001387,               0.001387,               0.001387
                     89,                 1.2292,                0.99867,                 1.2426,                0.68919,                0.59499,                0.65265,                0.40487,                 1.2308,                0.97898,                 1.2486,               0.001288,               0.001288,               0.001288
                     90,                 1.2309,                0.99207,                 1.2421,                0.68956,                0.59486,                0.65259,                0.40485,                 1.2308,                 0.9787,                 1.2485,               0.001189,               0.001189,               0.001189
                     91,                 1.2047,                0.91399,                  1.226,                0.68985,                0.59458,                0.65267,                0.40494,                 1.2305,                0.97832,                 1.2482,                0.00109,                0.00109,                0.00109
                     92,                 1.1952,                0.89598,                 1.2246,                 0.6902,                0.59407,                0.65267,                0.40496,                 1.2305,                0.97796,                 1.2481,               0.000991,               0.000991,               0.000991
                     93,                 1.1903,                0.88838,                 1.2209,                0.68963,                0.59407,                0.65238,                0.40495,                 1.2302,                0.97762,                 1.2479,               0.000892,               0.000892,               0.000892
                     94,                 1.1851,                0.88504,                  1.218,                0.68908,                0.59477,                0.65218,                0.40487,                   1.23,                 0.9772,                  1.248,               0.000793,               0.000793,               0.000793
                     95,                 1.1785,                 0.8768,                 1.2138,                0.69053,                0.59346,                0.65199,                0.40482,                 1.2302,                0.97692,                 1.2479,               0.000694,               0.000694,               0.000694
                     96,                 1.1734,                0.86723,                 1.2089,                0.68907,                0.59483,                0.65204,                0.40473,                 1.2301,                 0.9768,                 1.2479,               0.000595,               0.000595,               0.000595
                     97,                 1.1737,                0.86242,                 1.2108,                0.68816,                0.59577,                0.65219,                0.40473,                 1.2302,                0.97683,                  1.248,               0.000496,               0.000496,               0.000496
                     98,                 1.1666,                0.85572,                 1.2073,                0.69259,                0.59211,                0.65184,                0.40458,                 1.2302,                0.97669,                 1.2481,               0.000397,               0.000397,               0.000397
                     99,                 1.1708,                0.84967,                 1.2096,                0.69327,                0.59102,                0.65166,                0.40436,                 1.2301,                0.97667,                 1.2481,               0.000298,               0.000298,               0.000298
                    100,                 1.1624,                0.84448,                 1.2014,                0.69243,                0.59211,                0.65158,                 0.4042,                 1.2303,                0.97663,                 1.2483,               0.000199,               0.000199,               0.000199
